{"cameraMode":{"drawMode":0,"name":"Shaded","section":"Shading Mode"},"sceneLighting":false,"audioPlay":false,"sceneViewState":{"m_AlwaysRefresh":false,"showFog":true,"showSkybox":true,"showFlares":true,"showImageEffects":true,"showParticleSystems":true,"showVisualEffectGraphs":true,"m_FxEnabled":true},"in2DMode":false,"pivot":{"x":-2.662839889526367,"y":-7.8675947189331059,"z":15.571996688842774},"rotation":{"x":0.2585914433002472,"y":-0.1293524205684662,"z":0.034965600818395618,"w":0.9566510319709778},"size":33.857261657714847,"orthographic":false}